{
    "case_id": "2024-JAC-004",
    "case_number": "ملف رقم 312/2024",
    "case_type": "جنائي",
    "court": "محكمة الجنايات",
    "council": "مجلس قضاء عنابة",
    "chamber": "الغرفة الجنائية",
    "status": "جاري",
    "created_at": "2024-04-10",
    "updated_at": "2024-11-28",
    "parties": {
        "defendant": {
            "full_name": "كريم بن سعيد بوخالفة",
            "birth_date": "1975-11-22",
            "birth_place": "عنابة",
            "address": "حي سيبوس، عنابة",
            "profession": "سائق شاحنة",
            "national_id": "197511220189",
            "marital_status": "متزوج",
            "children_count": 4
        },
        "victim": {
            "full_name": "عائشة بنت الطاهر بوزيان",
            "relationship_to_defendant": "لا توجد علاقة"
        },
        "lawyer": {
            "name": "الأستاذ نور الدين حمادي",
            "bar_number": "ANB-2008-156",
            "phone": "0662345678"
        }
    },
    "charges": [
        {
            "charge": "القتل الخطأ",
            "article": "المادة 288",
            "law": "قانون العقوبات",
            "penalty_range": "الحبس من 6 أشهر إلى 3 سنوات وغرامة"
        }
    ],
    "facts": "بتاريخ 10 أبريل 2024، حوالي الساعة 18:30، وأثناء قيادة المتهم لشاحنته على الطريق الوطني رقم 44، صدم سيدة كانت تعبر الطريق مما أدى إلى وفاتها. تقرير الشرطة يشير إلى أن المتهم كان يسير بسرعة مفرطة. يدعي المتهم أن الضحية خرجت فجأة من خلف سيارة متوقفة ولم يتمكن من تفاديها رغم الكبح الفوري.",
    "evidence": {
        "prosecution": [
            "تقرير الشرطة",
            "تقرير الطب الشرعي",
            "شهادة شاهد يؤكد السرعة المفرطة",
            "آثار الكبح على الطريق"
        ],
        "defense": [
            "تقرير خبرة فنية يثبت أن السرعة كانت ضمن الحد القانوني",
            "شهادة شاهدين يؤكدان خروج الضحية فجأة",
            "صور المكان تظهر سيارة متوقفة تحجب الرؤية",
            "فحص الشاحنة يثبت سلامة الفرامل"
        ]
    },
    "timeline": [
        {
            "date": "2024-04-10",
            "event": "وقوع الحادث"
        },
        {
            "date": "2024-04-10",
            "event": "توقيف المتهم"
        },
        {
            "date": "2024-04-12",
            "event": "تقرير الطب الشرعي"
        },
        {
            "date": "2024-05-15",
            "event": "طلب خبرة فنية"
        },
        {
            "date": "2024-07-20",
            "event": "صدور أمر الإحالة"
        },
        {
            "date": "2024-12-20",
            "event": "موعد المحاكمة"
        }
    ],
    "defense_strategy": {
        "main_argument": "خطأ الضحية - الخروج المفاجئ أمام الشاحنة",
        "secondary_arguments": [
            "عدم وجود خطأ من السائق",
            "السرعة كانت قانونية",
            "الفرامل سليمة والكبح كان فورياً"
        ],
        "requested_outcome": "البراءة لانتفاء الخطأ أو تخفيف العقوبة لوجود خطأ مشترك",
        "relevant_articles": [
            "المادة 288",
            "المادة 289"
        ],
        "relevant_jurisprudence": [
            "القرار حول خطأ الضحية في حوادث المرور"
        ]
    },
    "notes": "الخبرة الفنية حاسمة في هذه القضية. إذا أثبتت أن السرعة كانت قانونية، فإن الدفاع بخطأ الضحية يصبح قوياً جداً."
}