{
    "case_id": "2024-JAC-001",
    "case_number": "ملف رقم 124/2024",
    "case_type": "جنائي",
    "court": "محكمة الجنايات",
    "council": "مجلس قضاء الجزائر العاصمة",
    "chamber": "الغرفة الجنائية الأولى",
    "status": "جاري",
    "created_at": "2024-01-15",
    "updated_at": "2024-12-01",
    "parties": {
        "defendant": {
            "full_name": "أحمد بن محمد بوعلام",
            "birth_date": "1985-03-20",
            "birth_place": "الجزائر العاصمة",
            "address": "حي الأمير عبد القادر، باب الزوار، الجزائر",
            "profession": "تاجر",
            "national_id": "198503200125",
            "marital_status": "متزوج",
            "children_count": 3
        },
        "victim": {
            "full_name": "كريم بن صالح بلحاج",
            "relationship_to_defendant": "لا توجد علاقة"
        },
        "lawyer": {
            "name": "الأستاذ محمد أمين قاسمي",
            "bar_number": "ALG-2010-345",
            "phone": "0555123456"
        }
    },
    "charges": [
        {
            "charge": "الضرب والجرح العمدي المفضي إلى عاهة مستديمة",
            "article": "المادة 265",
            "law": "قانون العقوبات",
            "penalty_range": "السجن المؤقت من 5 إلى 10 سنوات"
        }
    ],
    "facts": "بتاريخ 15 يناير 2024 حوالي الساعة 21:00، وعلى إثر خلاف نشب بين المتهم أحمد بن محمد بوعلام والمجني عليه كريم بن صالح بلحاج حول موقف سيارة، تطور الأمر إلى مشاجرة بالأيدي. يزعم المجني عليه أن المتهم قام بضربه بعصا معدنية على رأسه مما أدى إلى إصابته بجروح بليغة. من جهته، يؤكد المتهم أنه كان في حالة دفاع شرعي بعد أن بادره المجني عليه بالاعتداء بسكين.",
    "evidence": {
        "prosecution": [
            "شهادة المجني عليه",
            "تقرير طبي يثبت إصابة المجني عليه بفقدان جزئي للسمع في الأذن اليمنى",
            "محضر الضبطية القضائية",
            "شهادة شاهد عيان واحد"
        ],
        "defense": [
            "شهادة ثلاثة شهود يؤكدون أن المجني عليه هو من بادر بالاعتداء",
            "صور تظهر جروحاً في يد المتهم ناتجة عن السكين",
            "تقرير طبي يثبت إصابات المتهم",
            "تسجيل فيديو جزئي من كاميرا مراقبة قريبة"
        ]
    },
    "timeline": [
        {
            "date": "2024-01-15",
            "event": "وقوع الحادثة"
        },
        {
            "date": "2024-01-15",
            "event": "توقيف المتهم للنظر"
        },
        {
            "date": "2024-01-17",
            "event": "المثول أمام وكيل الجمهورية"
        },
        {
            "date": "2024-01-18",
            "event": "إحالة الملف على قاضي التحقيق"
        },
        {
            "date": "2024-02-20",
            "event": "الاستماع للمتهم أمام قاضي التحقيق"
        },
        {
            "date": "2024-03-15",
            "event": "الاستماع للشهود"
        },
        {
            "date": "2024-05-10",
            "event": "صدور أمر الإحالة على محكمة الجنايات"
        },
        {
            "date": "2024-12-20",
            "event": "موعد المحاكمة أمام محكمة الجنايات"
        }
    ],
    "defense_strategy": {
        "main_argument": "الدفاع الشرعي",
        "secondary_arguments": [
            "عدم توفر سبق الإصرار والترصد",
            "عدم كفاية الأدلة على العاهة المستديمة",
            "طلب إعادة التكييف من جناية إلى جنحة"
        ],
        "requested_outcome": "البراءة أو إعادة التكييف إلى جنحة ضرب وجرح عادي",
        "relevant_articles": [
            "المادة 39",
            "المادة 40",
            "المادة 264 بدلاً من 265"
        ],
        "relevant_jurisprudence": [
            "القرار رقم 0138756 المؤرخ في 22/06/2023 - الغرفة الجنائية"
        ]
    },
    "notes": "القضية تتطلب التركيز على إثبات حالة الدفاع الشرعي من خلال شهادات الشهود والتقرير الطبي الذي يثبت إصابات المتهم. كما يجب الطعن في صحة التقرير الطبي المقدم من المجني عليه والمطالبة بخبرة طبية مضادة."
}