{
    "case_id": "2024-JAC-003",
    "case_number": "ملف رقم 089/2024",
    "case_type": "جنائي",
    "court": "محكمة الجنايات",
    "council": "مجلس قضاء قسنطينة",
    "chamber": "الغرفة الجنائية",
    "status": "جاري",
    "created_at": "2024-02-20",
    "updated_at": "2024-11-15",
    "hearing_date": "2024-12-10",
    "parties": {
        "defendant": {
            "full_name": "محمد الأمين بن عبد الرحمن شريف",
            "birth_date": "1988-05-12",
            "birth_place": "قسنطينة",
            "address": "حي زواغي سليمان، عمارة 12، شقة 4، قسنطينة",
            "profession": "محاسب معتمد - شهادة محاسبة ومالية من جامعة قسنطينة 2010",
            "national_id": "198805120256",
            "marital_status": "متزوج",
            "children_count": 2,
            "criminal_record": "لا سوابق قضائية - شهادة حسن سيرة صادرة من البلدية",
            "work_history": "عمل في شركة الأمل منذ 2017 - موظف نموذجي - 3 شهادات تقدير"
        },
        "victim": {
            "full_name": "شركة الأمل للاستيراد والتصدير ش.ذ.م.م",
            "legal_representative": "عبد القادر بن محمود بلقاسم - المدير العام",
            "type": "شخص معنوي",
            "relationship_to_defendant": "صاحب العمل السابق (2017-2023)",
            "company_status": "الشركة تعاني صعوبات مالية منذ 2022"
        },
        "lawyer": {
            "name": "الأستاذ عبد الحق بوزيد",
            "bar_number": "CST-2012-089",
            "phone": "0557890123",
            "experience_years": 12,
            "specialization": "قانون الشركات والقانون الجزائي للأعمال"
        }
    },
    "charges": [
        {
            "charge": "خيانة الأمانة",
            "article": "المادة 376",
            "law": "قانون العقوبات الجزائري",
            "penalty_range": "الحبس من 3 أشهر إلى 3 سنوات وغرامة من 20,000 إلى 100,000 دج",
            "elements": {
                "material_element": {
                    "description": "تبديد أو اختلاس أموال أو أشياء سُلّمت بموجب عقد",
                    "prosecution_claim": "تحويل 3,500,000 دج من حساب الشركة",
                    "defense_response": "المبالغ مستحقات قانونية غير مدفوعة"
                },
                "moral_element": {
                    "description": "القصد الجنائي - نية الإضرار والاستيلاء",
                    "prosecution_claim": "تحويل سري ومتكرر دون علم الإدارة",
                    "defense_response": "انعدام القصد - المتهم كان يعتقد بحق أنها مستحقاته"
                }
            }
        }
    ],
    "facts": {
        "summary": "يُتهم المتهم محمد الأمين شريف، بصفته محاسباً سابقاً في شركة الأمل للاستيراد والتصدير، بتحويل مبلغ إجمالي قدره 3,500,000 دج من حساب الشركة البنكي إلى حسابه الشخصي، على 12 دفعة متفرقة خلال الفترة من يناير إلى أغسطس 2023.",
        "defendant_version": "يؤكد المتهم أن هذه المبالغ تمثل مستحقاته المتأخرة والتي تشمل: (1) علاوة الخطر المنصوص عليها في الاتفاقية الجماعية (480,000 دج/سنة) غير مدفوعة منذ 2019، (2) ساعات العمل الإضافية المسجلة في نظام الحضور (حوالي 1,200 ساعة)، (3) علاوة المردودية الموعودة شفهياً من المدير. يؤكد المتهم أن المدير كان على علم تام بهذه التحويلات ووافق عليها شفهياً كحل لمشكلة تأخر الرواتب.",
        "victim_version": "تدعي الشركة أن التحويلات تمت دون علم الإدارة وأنها تشكل سرقة مقنّعة، وأن أي مستحقات للمتهم كانت تُدفع في موعدها.",
        "context": {
            "company_financial_situation": "الشركة تعاني أزمة مالية حادة منذ 2022 بسبب تراجع الاستيراد",
            "salary_delays": "سجلات البنك تُظهر تأخراً متكرراً في دفع رواتب العمال (2-3 أشهر)",
            "collective_agreement": "الاتفاقية الجماعية للقطاع تنص على علاوة خطر 4% للمحاسبين",
            "overtime_records": "سجل الحضور الإلكتروني يُظهر ساعات إضافية للمتهم لم تُدفع"
        },
        "contradictions": [
            "المدير ينفي الموافقة على التحويلات رغم وجود رسائل إلكترونية تذكر 'تسوية المستحقات'",
            "الشركة تدعي عدم وجود مستحقات بينما كشف الراتب يُظهر خانة 'مستحقات معلقة'",
            "التقرير المحاسبي أُعد من طرف شركة تدقيق مملوكة لأقارب المدير"
        ]
    },
    "evidence": {
        "prosecution": [
            {
                "type": "كشوف حسابات بنكية",
                "description": "12 تحويلاً من حساب الشركة لحساب المتهم",
                "weakness": "التحويلات تحمل وصف 'تسوية مستحقات' وليس 'سرقة'",
                "legal_challenge": "لا تثبت القصد الجنائي بل تثبت وجود مستحقات"
            },
            {
                "type": "تقرير التدقيق المحاسبي",
                "description": "أعدته شركة 'بلقاسم للمحاسبة' المستقلة",
                "weakness": "شركة التدقيق مملوكة لابن عم المدير - تضارب مصالح",
                "legal_challenge": "المادة 22 من قانون المحاسبة - عدم استقلالية المدقق"
            },
            {
                "type": "شهادة المدير العام",
                "description": "ينفي علمه بالتحويلات والموافقة عليها",
                "weakness": "الرسائل الإلكترونية تناقض شهادته - مصلحة شخصية في الإدانة",
                "legal_challenge": "شهادة الخصم لا تكفي وحدها للإدانة"
            },
            {
                "type": "عقد العمل",
                "description": "لا يتضمن بنداً صريحاً عن ساعات إضافية",
                "weakness": "الاتفاقية الجماعية والقانون يُلزمان بدفعها حتى بدون بند صريح",
                "legal_challenge": "المادة 32 من قانون علاقات العمل"
            }
        ],
        "defense": [
            {
                "type": "رسائل إلكترونية مع المدير",
                "description": "سلسلة رسائل تذكر 'المستحقات المتأخرة' و'موافقتك على التسوية'",
                "strength": "دليل كتابي على علم المدير وموافقته الضمنية",
                "exhibits": [
                    "Email_20230115.pdf",
                    "Email_20230305.pdf",
                    "Email_20230620.pdf"
                ]
            },
            {
                "type": "سجل الحضور الإلكتروني",
                "description": "1,247 ساعة عمل إضافية مسجلة في النظام لم تُدفع",
                "strength": "دليل تقني لا يمكن التلاعب به - يثبت وجود مستحقات",
                "calculation": "1,247 ساعة × 1,500 دج/ساعة = 1,870,500 دج مستحقة"
            },
            {
                "type": "كشوف الرواتب",
                "description": "تُظهر خانة 'مستحقات معلقة' بأرقام متراكمة",
                "strength": "اعتراف ضمني من الشركة بوجود ديون للمتهم"
            },
            {
                "type": "شهادة زميلين",
                "description": "يؤكدان أن المتهم كان يعمل ساعات إضافية وأن الإدارة تأخرت في دفع مستحقات الجميع",
                "strength": "شهود محايدون لا مصلحة لهم"
            },
            {
                "type": "الاتفاقية الجماعية للقطاع",
                "description": "تنص على علاوة خطر 4% للمحاسبين المعتمدين",
                "strength": "قاعدة قانونية ملزمة لم تُطبق",
                "calculation": "راتب 80,000 دج × 4% × 60 شهر = 192,000 دج مستحقة"
            },
            {
                "type": "تقارير أداء المتهم",
                "description": "3 شهادات تقدير على مدى 6 سنوات",
                "strength": "حسن نية المتهم وسيرته المهنية الممتازة"
            }
        ]
    },
    "legal_arguments": {
        "civil_vs_criminal": {
            "argument": "النزاع مدني وليس جنائي",
            "explanation": "الخلاف حول مستحقات ناشئة عن عقد عمل يختص بها قسم العمل وليس القضاء الجنائي",
            "legal_basis": "المادة 3 من قانون الإجراءات الجزائية - الاختصاص النوعي"
        },
        "lack_of_criminal_intent": {
            "argument": "انعدام القصد الجنائي",
            "explanation": "المتهم كان يعتقد بحسن نية أنه يستوفي حقوقه المشروعة",
            "legal_basis": "المادة 376 تشترط 'نية الإضرار' التي لم تتوفر"
        },
        "employer_consent": {
            "argument": "موافقة صاحب العمل الضمنية",
            "explanation": "الرسائل الإلكترونية تثبت علم المدير وقبوله",
            "legal_basis": "انتفاء ركن السرية في الجريمة"
        }
    },
    "procedural_defects": [
        {
            "defect": "تضارب مصالح المدقق",
            "description": "شركة التدقيق مملوكة لابن عم المدير العام",
            "legal_article": "المادة 22 من قانون المحاسبة - استقلالية المدقق",
            "consequence": "بطلان التقرير المحاسبي كدليل"
        }
    ],
    "timeline": [
        {
            "date": "2017-09-01",
            "event": "بداية عمل المتهم في الشركة"
        },
        {
            "date": "2019-01-01",
            "event": "بداية تأخر دفع علاوة الخطر"
        },
        {
            "date": "2022-06-01",
            "event": "بداية الأزمة المالية للشركة وتأخر الرواتب"
        },
        {
            "date": "2023-01-15",
            "event": "بداية التحويلات كتسوية للمستحقات (بموافقة ضمنية)"
        },
        {
            "date": "2023-08-30",
            "event": "آخر تحويل"
        },
        {
            "date": "2023-09-01",
            "event": "تدقيق محاسبي من شركة ذات تضارب مصالح"
        },
        {
            "date": "2023-09-20",
            "event": "تقديم شكوى بعد فصل المتهم تعسفياً"
        },
        {
            "date": "2023-10-05",
            "event": "توقيف المتهم"
        },
        {
            "date": "2024-02-20",
            "event": "الإحالة على محكمة الجنايات"
        },
        {
            "date": "2024-12-10",
            "event": "موعد المحاكمة"
        }
    ],
    "defense_strategy": {
        "main_argument": "انتفاء القصد الجنائي - المتهم كان يستوفي حقوقه المشروعة بعلم صاحب العمل",
        "secondary_arguments": [
            "الطابع المدني للنزاع - عدم اختصاص القضاء الجنائي",
            "بطلان تقرير التدقيق لتضارب المصالح",
            "وجود أدلة كتابية على موافقة المدير (رسائل إلكترونية)",
            "حساب المستحقات الفعلية يتجاوز المبلغ المحوّل"
        ],
        "requested_outcome": "البراءة لانعدام القصد الجنائي وانتفاء أركان الجريمة",
        "alternative_requests": [
            "احتياطياً: إحالة النزاع على القضاء المدني (قسم العمل)",
            "احتياطياً جداً: رد الدعوى لعدم الاختصاص"
        ],
        "relevant_articles": [
            "المادة 376 ق.ع - أركان خيانة الأمانة",
            "المادة 377 ق.ع - ظروف التخفيف",
            "المادة 3 ق.إ.ج - الاختصاص النوعي",
            "المادة 32 قانون علاقات العمل - حق العامل في الأجر"
        ],
        "relevant_jurisprudence": [
            {
                "decision": "القرار رقم 0145678/2021 - المحكمة العليا - الغرفة الجنائية",
                "principle": "لا تقوم جريمة خيانة الأمانة إذا انتفى القصد الجنائي وكان المتهم يعتقد بحسن نية أنه يمارس حقاً"
            },
            {
                "decision": "القرار رقم 0167890/2020 - المحكمة العليا",
                "principle": "النزاعات الناشئة عن عقد العمل تختص بها محاكم العمل وليس القضاء الجنائي"
            },
            {
                "decision": "القرار رقم 0134567/2022 - المحكمة العليا",
                "principle": "شهادة صاحب العمل المتضرر لا تكفي وحدها للإدانة في غياب أدلة محايدة"
            }
        ]
    },
    "financial_calculation": {
        "defendant_claims": {
            "unpaid_overtime": "1,247 ساعة × 1,500 دج = 1,870,500 دج",
            "risk_allowance": "80,000 × 4% × 60 شهر = 192,000 دج",
            "performance_bonus": "وعد شفهي بـ 500,000 دج",
            "delayed_salary_interest": "تقدير 300,000 دج",
            "total_claimed": "2,862,500 دج"
        },
        "amount_transferred": "3,500,000 دج",
        "difference": "637,500 دج (قابل للنقاش)",
        "note": "حتى مع اختلاف الحسابات، يبقى الأمر نزاعاً مدنياً"
    },
    "notes": "قضية نموذجية للتحول من جنائي إلى مدني. الركيزة الأساسية: (1) انتفاء القصد الجنائي، (2) الرسائل الإلكترونية التي تثبت علم المدير، (3) بطلان التقرير المحاسبي. يجب التركيز على أن المتهم أب لطفلين ولا سوابق له، وأن الشكوى جاءت انتقاماً بعد فصله تعسفياً."
}