{
    "case_id": "2024-JAC-006",
    "case_number": "ملف رقم 456/2024",
    "case_type": "جنائي",
    "court": "محكمة الجنايات",
    "council": "مجلس قضاء باتنة",
    "chamber": "الغرفة الجنائية",
    "status": "جاري",
    "created_at": "2024-05-22",
    "updated_at": "2024-11-30",
    "parties": {
        "defendant": {
            "full_name": "فاروق بن عبد القادر مرابط",
            "birth_date": "1990-02-14",
            "birth_place": "باتنة",
            "address": "حي المستقبل، باتنة",
            "profession": "تقني في الإعلام الآلي",
            "national_id": "199002140423",
            "marital_status": "متزوج",
            "children_count": 1
        },
        "victim": {
            "full_name": "سليمان بن أحمد بوعزيز",
            "relationship_to_defendant": "جار"
        },
        "lawyer": {
            "name": "الأستاذ رشيد بلحسين",
            "bar_number": "BAT-2014-067",
            "phone": "0663456789"
        }
    },
    "charges": [
        {
            "charge": "التهديد بالقتل",
            "article": "المادة 284",
            "law": "قانون العقوبات",
            "penalty_range": "الحبس من سنة إلى 5 سنوات"
        }
    ],
    "facts": "نشب خلاف بين المتهم وجاره حول موقف سيارة أمام العمارة. تطور الأمر إلى مشادة كلامية حادة، يدعي المجني عليه أن المتهم هدده بالقتل قائلاً: 'سأقتلك إن لم تترك هذا المكان'. يؤكد المتهم أنه قال ذلك في لحظة غضب ولم يكن يقصد التهديد الحقيقي، وأنه لم يحمل أي سلاح.",
    "evidence": {
        "prosecution": [
            "شهادة المجني عليه",
            "شهادة جارين سمعا التهديد",
            "محضر الشرطة"
        ],
        "defense": [
            "عدم وجود سلاح أو أداة تهديد",
            "السياق كان مشادة كلامية عادية",
            "التهديد جاء في لحظة انفعال",
            "العلاقة بين الطرفين كانت جيدة سابقاً",
            "حسن سيرة وسلوك المتهم"
        ]
    },
    "timeline": [
        {
            "date": "2024-05-22",
            "event": "وقوع المشادة"
        },
        {
            "date": "2024-05-23",
            "event": "تقديم شكوى"
        },
        {
            "date": "2024-05-25",
            "event": "استدعاء المتهم"
        },
        {
            "date": "2024-08-10",
            "event": "صدور أمر الإحالة"
        },
        {
            "date": "2024-12-22",
            "event": "موعد المحاكمة"
        }
    ],
    "defense_strategy": {
        "main_argument": "انتفاء الركن المعنوي - عبارة صدرت في لحظة غضب دون قصد حقيقي",
        "secondary_arguments": [
            "عدم وجود وسيلة تنفيذ التهديد",
            "السياق لا يدل على جدية التهديد",
            "طلب الصلح مع المجني عليه"
        ],
        "requested_outcome": "البراءة أو إعادة التكييف إلى سب وشتم",
        "relevant_articles": [
            "المادة 284",
            "المادة 297"
        ],
        "relevant_jurisprudence": [
            "اجتهاد حول شروط التهديد الجدي"
        ]
    },
    "notes": "إمكانية الصلح مع المجني عليه قد تُحسّن الموقف كثيراً. التركيز على أن التهديد كان لفظياً في سياق مشادة وليس تهديداً جدياً."
}