{
    "case_id": "2024-JAC-002",
    "case_number": "ملف رقم 256/2024",
    "case_type": "جنائي",
    "court": "محكمة الجنايات",
    "council": "مجلس قضاء وهران",
    "chamber": "الغرفة الجنائية",
    "status": "جاري",
    "created_at": "2024-03-10",
    "updated_at": "2024-11-25",
    "hearing_date": "2024-12-15",
    "parties": {
        "defendant": {
            "full_name": "يوسف بن عبد الله مرابط",
            "birth_date": "1992-07-15",
            "birth_place": "وهران",
            "address": "حي المنظر الجميل، رقم 45، وهران",
            "profession": "سائق سيارة أجرة مسجل لدى مصالح النقل منذ 2018",
            "national_id": "199207150312",
            "marital_status": "أعزب",
            "children_count": 0,
            "criminal_record": "لا سوابق قضائية - حسن السيرة والسلوك",
            "employer": "صاحب سيارة أجرة مستقل - رخصة رقم 31/2018/TA"
        },
        "victim": {
            "full_name": "عبد الرحمن بن أحمد خليفي",
            "age": 35,
            "profession": "موظف بنكي",
            "relationship_to_defendant": "غريب تماماً - لا معرفة سابقة"
        },
        "lawyer": {
            "name": "الأستاذة فاطمة الزهراء بلقاسم",
            "bar_number": "ORN-2015-128",
            "phone": "0661789012",
            "experience_years": 9
        }
    },
    "charges": [
        {
            "charge": "السرقة باستعمال العنف ليلاً",
            "article": "المادة 351",
            "law": "قانون العقوبات الجزائري",
            "penalty_range": "السجن المؤقت من 5 إلى 10 سنوات",
            "elements": {
                "material_element": "فعل الاختلاس + استعمال العنف أو التهديد",
                "moral_element": "القصد الجنائي (نية الاستيلاء على المال)"
            }
        }
    ],
    "facts": {
        "summary": "بتاريخ 10 مارس 2024 حوالي الساعة 14:30، يزعم المجني عليه عبد الرحمن بن أحمد خليفي أن شخصاً أوقفه في شارع لاربي بن مهيدي بوهران، بالقرب من مقهى 'السلام'، ثم قام بسرقة هاتفه النقال من نوع iPhone 13 وحقيبته اليدوية المحتوية على 15,000 دج نقداً ووثائق شخصية، تحت تهديد سكين.",
        "defendant_version": "ينفي المتهم يوسف بن عبد الله مرابط هذه الوقائع جملة وتفصيلاً. يؤكد أنه في ذلك الوقت بالتحديد كان يعمل على سيارة الأجرة الخاصة به رقم اللوحة 00123-31-31، وكان ينقل زبونين من حي المنارة إلى ميناء وهران. لم يكن في مكان الجريمة المزعوم ولا في أي مكان قريب منه.",
        "victim_version": "يصر المجني عليه على أنه تعرف على المتهم بوضوح رغم أن العملية لم تستغرق سوى دقيقتين تقريباً، وأن الجاني كان يرتدي قميصاً أزرق وبنطالاً رياضياً أسود.",
        "contradictions": [
            "المجني عليه في محضره الأول قال أن الحادثة وقعت الساعة 14:00، ثم غيّر إلى 14:30 في المواجهة",
            "المجني عليه وصف الجاني بأنه 'أطول من المتوسط' بينما المتهم قصير القامة (165 سم)",
            "المجني عليه قال في البداية أن الجاني كان ملتحياً، بينما المتهم حليق الذقن وقت الحادثة (شهادة الحلاق)",
            "وقت التعرف على المتهم في الشرطة، كان هو الوحيد المكبل اليدين من بين 5 أشخاص"
        ],
        "scene_description": "شارع لاربي بن مهيدي، وهران - شارع تجاري مزدحم نهاراً - كاميرات مراقبة متعددة (لم يتم استغلالها من النيابة)"
    },
    "evidence": {
        "prosecution": [
            {
                "type": "شهادة المجني عليه",
                "description": "تعرف المجني عليه على المتهم في عرض الأشخاص بمركز الشرطة",
                "weakness": "عرض الأشخاص كان مشوباً بخلل إجرائي: المتهم كان الوحيد المكبل، مما وجّه المجني عليه",
                "legal_basis_for_challenge": "المادة 68 من قانون الإجراءات الجزائية - بطلان الإجراءات المنتهكة لحقوق الدفاع"
            },
            {
                "type": "محضر الشرطة",
                "description": "محضر توقيف المتهم بناءً على أوصاف المجني عليه",
                "weakness": "الأوصاف لا تتطابق مع المتهم - المتهم أقصر وحليق الذقن",
                "legal_basis_for_challenge": "انتفاء القرائن الجدية المبررة للتوقيف"
            },
            {
                "type": "الهاتف المسروق",
                "description": "العثور على الهاتف المسروق في منزل أحمد بن علي (صديق المتهم)",
                "weakness": "الهاتف وُجد في منزل شخص آخر وليس المتهم، ولا دليل على أن المتهم هو من سلّمه إياه",
                "legal_basis_for_challenge": "انعدام الصلة المباشرة بين المتهم والمسروقات - المادة 212 ق.إ.ج"
            }
        ],
        "defense": [
            {
                "type": "شهادة الزوجين محمد وخديجة بوزيد",
                "description": "زبونان كانا في سيارة الأجرة وقت الحادثة بالضبط (14:15 - 14:45)",
                "strength": "شهادة مؤكدة بفاتورة الركوب المختومة من التطبيق + أرقام هواتفهم مسجلة"
            },
            {
                "type": "سجل GPS لسيارة الأجرة",
                "description": "نظام تتبع السيارة يظهر موقعها على طريق ميناء وهران - بعيداً 12 كم عن مكان الجريمة",
                "strength": "دليل تقني موثق زمنياً - ختم شركة التتبع 'SafeTrack Algeria'"
            },
            {
                "type": "فاتورة البنزين",
                "description": "فاتورة صادرة الساعة 14:22 من محطة 'نافطال الميناء' - بعيداً عن مكان الجريمة",
                "strength": "مختومة وموقعة + كاميرا المحطة سجلت المتهم"
            },
            {
                "type": "شهادة حلاق الحي",
                "description": "يؤكد أن المتهم حلق ذقنه يوم 09 مارس - عكس وصف المجني عليه 'ملتحي'",
                "strength": "سجل مواعيد الحلاق يؤكد ذلك"
            },
            {
                "type": "تسجيل كاميرا محطة البنزين",
                "description": "يظهر المتهم وهو يتزود بالوقود الساعة 14:22",
                "strength": "دليل مرئي قاطع على عدم تواجده في مكان الجريمة"
            }
        ]
    },
    "procedural_defects": [
        {
            "defect": "خلل في عرض الأشخاص (Lineup)",
            "description": "المتهم كان الوحيد المكبل اليدين - توجيه ضمني للمجني عليه",
            "legal_article": "المادة 68 من قانون الإجراءات الجزائية",
            "consequence": "بطلان إجراء التعرف"
        },
        {
            "defect": "عدم استغلال كاميرات المراقبة",
            "description": "شارع لاربي بن مهيدي مجهز بكاميرات مراقبة بلدية لم تُطلب تسجيلاتها",
            "legal_article": "قصور في التحقيق - إخلال بالمادة 68 مكرر",
            "consequence": "الشك يفسر لصالح المتهم"
        },
        {
            "defect": "تجاوز مدة التوقيف للنظر",
            "description": "تم توقيف المتهم 72 ساعة بدلاً من 48 ساعة القانونية دون تمديد قضائي",
            "legal_article": "المادة 51 من قانون الإجراءات الجزائية",
            "consequence": "بطلان إجراءات التوقيف"
        }
    ],
    "timeline": [
        {
            "date": "2024-03-10",
            "time": "14:30",
            "event": "وقوع السرقة المزعومة حسب المجني عليه"
        },
        {
            "date": "2024-03-10",
            "time": "14:22",
            "event": "المتهم مسجل في كاميرا محطة بنزين نافطال الميناء"
        },
        {
            "date": "2024-03-10",
            "time": "15:00",
            "event": "تقديم شكوى من المجني عليه"
        },
        {
            "date": "2024-03-15",
            "time": "10:00",
            "event": "توقيف المتهم بناءً على أوصاف غير مطابقة"
        },
        {
            "date": "2024-03-15",
            "time": "16:00",
            "event": "عرض الأشخاص المعيب (المتهم الوحيد المكبل)"
        },
        {
            "date": "2024-03-17",
            "event": "المثول أمام وكيل الجمهورية"
        },
        {
            "date": "2024-03-18",
            "event": "إيداع الحبس الاحتياطي رغم وجود alibi"
        },
        {
            "date": "2024-04-20",
            "event": "طلب الإفراج المؤقت - مرفوض ظلماً"
        },
        {
            "date": "2024-06-15",
            "event": "صدور أمر الإحالة"
        },
        {
            "date": "2024-12-15",
            "event": "موعد المحاكمة"
        }
    ],
    "defense_strategy": {
        "main_argument": "إثبات الاليبي القاطع - المتهم لم يكن في مكان الجريمة",
        "secondary_arguments": [
            "بطلان إجراء عرض الأشخاص لمخالفته للمادة 68 من قانون الإجراءات الجزائية",
            "تناقضات جوهرية في أقوال المجني عليه (الوقت، الأوصاف)",
            "وجود 5 شهود نفي مقابل شهادة واحدة للإثبات",
            "دليل GPS تقني لا يمكن التلاعب به",
            "بطلان التوقيف للنظر لتجاوز المدة القانونية"
        ],
        "requested_outcome": "البراءة التامة لانعدام الأدلة والخطأ في الشخص",
        "alternative_requests": [
            "احتياطياً: إلغاء الإجراءات لبطلان التوقيف وعرض الأشخاص",
            "احتياطياً جداً: الإفراج الفوري للمتهم المحبوس منذ 9 أشهر ظلماً"
        ],
        "relevant_articles": [
            "المادة 51 ق.إ.ج - مدة التوقيف للنظر",
            "المادة 68 ق.إ.ج - شروط صحة عرض الأشخاص",
            "المادة 212 ق.إ.ج - عبء الإثبات على النيابة",
            "المادة 350-351 ق.ع - أركان جريمة السرقة"
        ],
        "relevant_jurisprudence": [
            {
                "decision": "القرار رقم 0156234/2022 - المحكمة العليا - الغرفة الجنائية",
                "principle": "الشك يفسر لصالح المتهم، ولا يجوز الإدانة بناءً على شهادة متناقضة"
            },
            {
                "decision": "القرار رقم 0189012/2021 - المحكمة العليا",
                "principle": "بطلان إجراء التعرف إذا كان مشوباً بتوجيه أو إيحاء للشاهد"
            },
            {
                "decision": "القرار رقم 0201456/2020 - المحكمة العليا",
                "principle": "دليل الاليبي المدعم بأدلة تقنية (GPS, كاميرات) يُقدّم على شهادة الضحية"
            }
        ]
    },
    "notes": "هذه القضية نموذجية للخطأ القضائي. المتهم محبوس احتياطياً منذ 9 أشهر رغم وجود alibi قاطع مدعوم بـ: 1) شهادة زبونين، 2) GPS السيارة، 3) فاتورة بنزين، 4) كاميرا محطة الوقود، 5) شهادة الحلاق. يجب التركيز بقوة على بطلان إجراء عرض الأشخاص والتناقضات في شهادة المجني عليه."
}