{
    "case_id": "2024-JAC-005",
    "case_number": "ملف رقم 178/2024",
    "case_type": "جنائي",
    "court": "محكمة الجنايات",
    "council": "مجلس قضاء سطيف",
    "chamber": "الغرفة الجنائية",
    "status": "جاري",
    "created_at": "2024-03-05",
    "updated_at": "2024-11-20",
    "parties": {
        "defendant": {
            "full_name": "عبد الرزاق بن محمود بن ناصر",
            "birth_date": "1995-08-30",
            "birth_place": "سطيف",
            "address": "حي 1000 مسكن، سطيف",
            "profession": "طالب جامعي",
            "national_id": "199508300345",
            "marital_status": "أعزب",
            "children_count": 0
        },
        "victim": {
            "full_name": "الدولة الجزائرية (النيابة العامة)",
            "relationship_to_defendant": "لا توجد علاقة"
        },
        "lawyer": {
            "name": "الأستاذة سمية بن عاشور",
            "bar_number": "STF-2018-234",
            "phone": "0551234567"
        }
    },
    "charges": [
        {
            "charge": "حيازة مخدرات بقصد الاستهلاك الشخصي",
            "article": "المادة 12",
            "law": "قانون مكافحة المخدرات 04-18",
            "penalty_range": "الحبس من شهرين إلى سنتين"
        }
    ],
    "facts": "بتاريخ 05 مارس 2024، وأثناء عملية تفتيش روتينية، تم العثور على كمية صغيرة من القنب الهندي (الكيف) بحوزة المتهم في جيبه. الكمية المحجوزة هي 5 غرامات. يعترف المتهم بالحيازة لكنه يؤكد أنها للاستهلاك الشخصي وليس للبيع.",
    "evidence": {
        "prosecution": [
            "محضر التفتيش والحجز",
            "تقرير المخبر الكيميائي",
            "اعتراف المتهم"
        ],
        "defense": [
            "الكمية صغيرة تؤكد الاستهلاك الشخصي",
            "عدم وجود أي معدات للترويج",
            "شهادة جامعية وحسن السيرة",
            "أول مرة يُتابع فيها"
        ]
    },
    "timeline": [
        {
            "date": "2024-03-05",
            "event": "التوقيف والحجز"
        },
        {
            "date": "2024-03-06",
            "event": "المثول أمام وكيل الجمهورية"
        },
        {
            "date": "2024-03-10",
            "event": "الإفراج بضمانات"
        },
        {
            "date": "2024-06-15",
            "event": "صدور أمر الإحالة"
        },
        {
            "date": "2024-12-18",
            "event": "موعد المحاكمة"
        }
    ],
    "defense_strategy": {
        "main_argument": "الحيازة للاستهلاك الشخصي وليس للترويج",
        "secondary_arguments": [
            "الكمية صغيرة جداً (5 غرامات)",
            "أول سابقة للمتهم",
            "طالب جامعي بمستقبل واعد",
            "طلب الظروف المخففة"
        ],
        "requested_outcome": "أخف عقوبة ممكنة مع وقف التنفيذ",
        "relevant_articles": [
            "المادة 12 من قانون 04-18",
            "المادة 53 ق.ع"
        ],
        "relevant_jurisprudence": []
    },
    "notes": "قضية واضحة. الهدف هو الحصول على أخف عقوبة ممكنة مع التركيز على مستقبل المتهم كطالب جامعي."
}